--STATUS-----------------------
INSERT INTO STATUS (ID, NAME) VALUES (1,'PENDING_APPROVAL');
INSERT INTO STATUS (ID, NAME) VALUES (2,'ACTIVATED');
INSERT INTO STATUS (ID, NAME) VALUES (3,'BLOCKED');
INSERT INTO STATUS (ID, NAME) VALUES (4,'DELETED');



--ROLE-------------------------
INSERT INTO ROLE (ID, NAME) VALUES (1,'BASIC');
INSERT INTO ROLE (ID, NAME) VALUES (2,'AGENT');
INSERT INTO ROLE (ID, NAME) VALUES (3,'ADMIN');

--RESOURSE TYPE----------------
INSERT INTO RESOURSE_TYPE (ID, NAME) VALUES (1, 'USER');
INSERT INTO RESOURSE_TYPE (ID, NAME) VALUES (2, 'AGENT');

--PERMISSION-------------------
INSERT INTO PERMISSION (ID, NAME) VALUES (1, 'Add Car');
INSERT INTO PERMISSION (ID, NAME) VALUES (2, 'Add Car Image');
INSERT INTO PERMISSION (ID, NAME) VALUES (3, 'Add Car Unavailability');
INSERT INTO PERMISSION (ID, NAME) VALUES (4, 'Manage prices');
INSERT INTO PERMISSION (ID, NAME) VALUES (5, 'Manage reservations');
INSERT INTO PERMISSION (ID, NAME) VALUES (6, 'Chat');
INSERT INTO PERMISSION (ID, NAME) VALUES (7, 'Add car report');

--USER---------------------------
INSERT INTO USER (ID, ROLE_ID, FIRST_NAME, LAST_NAME, EMAIL, PHONE, STATUS_ID, EMAIL_VERIFIED, PASSWORD)
VALUES (1, 1, 'StudentFirstName', 'StudentLastName', 'student@mail.com', '021000001', 1, TRUE,
'$2a$10$iIlRkT3uRcprLxxzsagQzuiV6WCwN9Cyuu1gUCp7ACmIPzv5WxQHa');

INSERT INTO USER (ID, ROLE_ID, FIRST_NAME, LAST_NAME, EMAIL, PHONE, STATUS_ID, EMAIL_VERIFIED, PASSWORD)
VALUES (2, 2, 'AgentFirstName', 'AgentLastName', 'agent@mail.com', '021000002', 2, TRUE,
'$2a$10$iIlRkT3uRcprLxxzsagQzuiV6WCwN9Cyuu1gUCp7ACmIPzv5WxQHa');

INSERT INTO USER (ID, ROLE_ID, FIRST_NAME, LAST_NAME, EMAIL, PHONE, STATUS_ID, EMAIL_VERIFIED, PASSWORD)
VALUES (3, 3, 'AdminFirstName', 'AdminLastName', 'admin@mail.com', '021000003', 2, TRUE,
'$2a$10$iIlRkT3uRcprLxxzsagQzuiV6WCwN9Cyuu1gUCp7ACmIPzv5WxQHa');

--USER PERMISSION--------
-- ADD CAR
INSERT INTO USER_PERMISSION (ID, USER_ID, PERMISSION_ID, UNIX_TIMESTAMP, RESOURSE_TYPE_ID, RESOURSE_ID)
VALUES (1, 1, 1, '1589665206', 1, 1);

INSERT INTO USER_PERMISSION (ID, USER_ID, PERMISSION_ID, UNIX_TIMESTAMP, RESOURSE_TYPE_ID, RESOURSE_ID)
VALUES (2, 2, 1, '1589665206', 2, 1);

INSERT INTO USER_PERMISSION (ID, USER_ID, PERMISSION_ID, UNIX_TIMESTAMP, RESOURSE_TYPE_ID, RESOURSE_ID)
VALUES (3, 3, 1, '1589665206', null, null);

-- ADD CAR IMAGE
INSERT INTO USER_PERMISSION (ID, USER_ID, PERMISSION_ID, UNIX_TIMESTAMP, RESOURSE_TYPE_ID, RESOURSE_ID)
VALUES (4, 1, 2, '1589665206', 1, 1);

INSERT INTO USER_PERMISSION (ID, USER_ID, PERMISSION_ID, UNIX_TIMESTAMP, RESOURSE_TYPE_ID, RESOURSE_ID)
VALUES (5, 2, 2, '1589665206', 2, 1);

INSERT INTO USER_PERMISSION (ID, USER_ID, PERMISSION_ID, UNIX_TIMESTAMP, RESOURSE_TYPE_ID, RESOURSE_ID)
VALUES (6, 3, 2, '1589665206', null, null);

-- ADD CAR UNAVAILABILITY

INSERT INTO USER_PERMISSION (ID, USER_ID, PERMISSION_ID, UNIX_TIMESTAMP, RESOURSE_TYPE_ID, RESOURSE_ID)
VALUES (7, 2, 3, '1589665206', 2, 1);

INSERT INTO USER_PERMISSION (ID, USER_ID, PERMISSION_ID, UNIX_TIMESTAMP, RESOURSE_TYPE_ID, RESOURSE_ID)
VALUES (8, 3, 3, '1589665206', 2, null);

-- ADD PRICE
INSERT INTO USER_PERMISSION (ID, USER_ID, PERMISSION_ID, UNIX_TIMESTAMP, RESOURSE_TYPE_ID, RESOURSE_ID)
VALUES (9, 1, 4, '1589665206', 1, 1);

INSERT INTO USER_PERMISSION (ID, USER_ID, PERMISSION_ID, UNIX_TIMESTAMP, RESOURSE_TYPE_ID, RESOURSE_ID)
VALUES (10, 2, 4, '1589665206', 2, 1);

INSERT INTO USER_PERMISSION (ID, USER_ID, PERMISSION_ID, UNIX_TIMESTAMP, RESOURSE_TYPE_ID, RESOURSE_ID)
VALUES (11, 3, 4, '1589665206', null, null);

--

INSERT INTO USER_PERMISSION (ID, USER_ID, PERMISSION_ID, UNIX_TIMESTAMP, RESOURSE_TYPE_ID, RESOURSE_ID)
VALUES (12, 1, 5, '1589665206', 1, 1);

INSERT INTO USER_PERMISSION (ID, USER_ID, PERMISSION_ID, UNIX_TIMESTAMP, RESOURSE_TYPE_ID, RESOURSE_ID)
VALUES (13, 2, 5, '1589665206', 2, 1);

INSERT INTO USER_PERMISSION (ID, USER_ID, PERMISSION_ID, UNIX_TIMESTAMP, RESOURSE_TYPE_ID, RESOURSE_ID)
VALUES (14, 3, 5, '1589665206', null, null);

--

INSERT INTO USER_PERMISSION (ID, USER_ID, PERMISSION_ID, UNIX_TIMESTAMP, RESOURSE_TYPE_ID, RESOURSE_ID)
VALUES (15, 1, 6, '1589665206', 1, 1);

INSERT INTO USER_PERMISSION (ID, USER_ID, PERMISSION_ID, UNIX_TIMESTAMP, RESOURSE_TYPE_ID, RESOURSE_ID)
VALUES (16, 2, 6, '1589665206', 2, 1);

--

INSERT INTO USER_PERMISSION (ID, USER_ID, PERMISSION_ID, UNIX_TIMESTAMP, RESOURSE_TYPE_ID, RESOURSE_ID)
VALUES (17, 2, 7, '1589665206', 2, 1);