--LOCATION---------------------------------------------
INSERT INTO LOCATION ( ID, NAME) VALUES (1, 'Beograd');
INSERT INTO LOCATION ( ID, NAME) VALUES (2, 'Novi Sad');
INSERT INTO LOCATION ( ID, NAME) VALUES (3, 'Niš');
INSERT INTO LOCATION ( ID, NAME) VALUES (4, 'Priština');
INSERT INTO LOCATION ( ID, NAME) VALUES (5, 'Kragujevac');
INSERT INTO LOCATION ( ID, NAME) VALUES (6, 'Leskovac');
INSERT INTO LOCATION ( ID, NAME) VALUES (7, 'Subotica');
INSERT INTO LOCATION ( ID, NAME) VALUES (8, 'Zrenjanin');
INSERT INTO LOCATION ( ID, NAME) VALUES (9, 'Pančevo');
INSERT INTO LOCATION ( ID, NAME) VALUES (10, 'Čačak');
INSERT INTO LOCATION ( ID, NAME) VALUES (11, 'Novi Pazar');
INSERT INTO LOCATION ( ID, NAME) VALUES (12, 'Kraljevo');
INSERT INTO LOCATION ( ID, NAME) VALUES (13, 'Smederevo');
INSERT INTO LOCATION ( ID, NAME) VALUES (14, 'Valjevo');
INSERT INTO LOCATION ( ID, NAME) VALUES (15, 'Kruševac');
INSERT INTO LOCATION ( ID, NAME) VALUES (16, 'Vranje');
INSERT INTO LOCATION ( ID, NAME) VALUES (17, 'Šabac');
INSERT INTO LOCATION ( ID, NAME) VALUES (18, 'Užice');
INSERT INTO LOCATION ( ID, NAME) VALUES (19, 'Sombor');
INSERT INTO LOCATION ( ID, NAME) VALUES (20, 'Požarevac');

--PUBLISHER TYPE
INSERT INTO PUBLISHER_TYPE ( ID, NAME) VALUES (1, 'USER');
INSERT INTO PUBLISHER_TYPE ( ID, NAME) VALUES (2, 'AGENT');

--CAR CLASS
INSERT INTO CAR_CLASS ( ID, NAME) VALUES (1, 'Limousine');
INSERT INTO CAR_CLASS ( ID, NAME) VALUES (2, 'Hatchback');
INSERT INTO CAR_CLASS ( ID, NAME) VALUES (3, 'Coupe');
INSERT INTO CAR_CLASS ( ID, NAME) VALUES (4, 'Convertible');
INSERT INTO CAR_CLASS ( ID, NAME) VALUES (5, 'Kombi');

--TRANSMISSION TYPE
INSERT INTO TRANSMISSION_TYPE ( ID, NAME) VALUES (1, 'Manual');
INSERT INTO TRANSMISSION_TYPE ( ID, NAME) VALUES (2, 'Automatic');
INSERT INTO TRANSMISSION_TYPE ( ID, NAME) VALUES (3, 'CVT');

--FUEL TYPE
INSERT INTO FUEL_TYPE ( ID, NAME) VALUES (1, 'Petrol');
INSERT INTO FUEL_TYPE ( ID, NAME) VALUES (2, 'Diesel');
INSERT INTO FUEL_TYPE ( ID, NAME) VALUES (3, 'CNG');
INSERT INTO FUEL_TYPE ( ID, NAME) VALUES (4, 'Hybrid');
INSERT INTO FUEL_TYPE ( ID, NAME) VALUES (5, 'Electric');

--CAR MANUFACTURER 
INSERT INTO CAR_MANUFACTURER ( ID, NAME) VALUES (1, 'Honda');
INSERT INTO CAR_MANUFACTURER ( ID, NAME) VALUES (2, 'Opel');
INSERT INTO CAR_MANUFACTURER ( ID, NAME) VALUES (3, 'Ford');
INSERT INTO CAR_MANUFACTURER ( ID, NAME) VALUES (4, 'Fiat');
INSERT INTO CAR_MANUFACTURER ( ID, NAME) VALUES (5, 'Tesla');
INSERT INTO CAR_MANUFACTURER ( ID, NAME) VALUES (6, 'BMW');
INSERT INTO CAR_MANUFACTURER ( ID, NAME) VALUES (7, 'Audi');
INSERT INTO CAR_MANUFACTURER ( ID, NAME) VALUES (8, 'Subaru');
INSERT INTO CAR_MANUFACTURER ( ID, NAME) VALUES (9, 'Mazda');

--CAR MODEL
--Honda
INSERT INTO CAR_MODEL ( ID, MANUFACTURER_ID, NAME) VALUES (1, 1, 'Civic');
INSERT INTO CAR_MODEL ( ID, MANUFACTURER_ID, NAME) VALUES (2, 1, 'Accord');
--Opel
INSERT INTO CAR_MODEL ( ID, MANUFACTURER_ID, NAME) VALUES (3, 2, 'Astra G');
INSERT INTO CAR_MODEL ( ID, MANUFACTURER_ID, NAME) VALUES (4, 2, 'Insignia');
--Ford
INSERT INTO CAR_MODEL ( ID, MANUFACTURER_ID, NAME) VALUES (5, 3, 'Focus');
INSERT INTO CAR_MODEL ( ID, MANUFACTURER_ID, NAME) VALUES (6, 3, 'Fiesta');
--Fiat
INSERT INTO CAR_MODEL ( ID, MANUFACTURER_ID, NAME) VALUES (7, 4, 'Panda');
INSERT INTO CAR_MODEL ( ID, MANUFACTURER_ID, NAME) VALUES (8, 4, 'Stilo');
--Tesla
INSERT INTO CAR_MODEL ( ID, MANUFACTURER_ID, NAME) VALUES (9, 5, 'Model 3');
INSERT INTO CAR_MODEL ( ID, MANUFACTURER_ID, NAME) VALUES (10, 5, 'Model S');
--BMW
INSERT INTO CAR_MODEL ( ID, MANUFACTURER_ID, NAME) VALUES (11, 6, 'I8');
INSERT INTO CAR_MODEL ( ID, MANUFACTURER_ID, NAME) VALUES (12, 6, 'X7');
--Audi
INSERT INTO CAR_MODEL ( ID, MANUFACTURER_ID, NAME) VALUES (13, 7, 'A6');
INSERT INTO CAR_MODEL ( ID, MANUFACTURER_ID, NAME) VALUES (14, 7, 'Q5');
--Subaru
INSERT INTO CAR_MODEL ( ID, MANUFACTURER_ID, NAME) VALUES (15, 8, 'Impreza');
INSERT INTO CAR_MODEL ( ID, MANUFACTURER_ID, NAME) VALUES (16, 8, 'Forester');
--Mazda
INSERT INTO CAR_MODEL ( ID, MANUFACTURER_ID, NAME) VALUES (17, 9, 'CX-5');
INSERT INTO CAR_MODEL ( ID, MANUFACTURER_ID, NAME) VALUES (18, 9, 'CX-9');

--CAR
--Honda
INSERT INTO CAR ( ID, ACTIVE, PUBLISHER_ID, PUBLISHER_TYPE_ID, CHILD_SEATS, MILEAGE, CARCLASS_ID, MODEL_ID, FUELTYPE_ID, TRANSMISSIONTYPE_ID, LOCATION_ID) 
VALUES (1, TRUE, 1, 2, 1, 225000, 3, 1, 1, 1, 1);
INSERT INTO CAR ( ID, ACTIVE, PUBLISHER_ID, PUBLISHER_TYPE_ID, CHILD_SEATS, MILEAGE, CARCLASS_ID, MODEL_ID, FUELTYPE_ID, TRANSMISSIONTYPE_ID, LOCATION_ID) 
VALUES (2, TRUE, 1, 2, 0, 110000, 1, 1, 2, 2, 1);
INSERT INTO CAR ( ID, ACTIVE, PUBLISHER_ID, PUBLISHER_TYPE_ID, CHILD_SEATS, MILEAGE, CARCLASS_ID, MODEL_ID, FUELTYPE_ID, TRANSMISSIONTYPE_ID, LOCATION_ID) 
VALUES (3, TRUE, 1, 2, 1, 219000, 2, 2, 3, 1, 1);
INSERT INTO CAR ( ID, ACTIVE, PUBLISHER_ID, PUBLISHER_TYPE_ID, CHILD_SEATS, MILEAGE, CARCLASS_ID, MODEL_ID, FUELTYPE_ID, TRANSMISSIONTYPE_ID, LOCATION_ID) 
VALUES (4, TRUE, 1, 2, 0, 110700, 1, 2, 1, 3, 1);
